{
  "model": "RandomForestClassifier",
  "train_pixels": 614400,
  "val_pixels": 204800,
  "n_features": 24,
  "accuracy": 0.8890283203125,
  "macro_f1": 0.7620075240381682,
  "per_class_iou": [
    0.42011638672133317,
    0.5436938513592346,
    0.8998162121584717,
    0.7215110256030783,
    0.5729083084105332
  ],
  "miou": 0.6316091568505302,
  "confusion_matrix": [
    [
      6353,
      2449,
      1993,
      54,
      528
    ],
    [
      2356,
      9320,
      824,
      18,
      132
    ],
    [
      1046,
      1401,
      139045,
      1622,
      580
    ],
    [
      4,
      35,
      5070,
      19501,
      655
    ],
    [
      339,
      607,
      2945,
      69,
      7854
    ]
  ],
  "class_names": [
    "Forest",
    "Plantation",
    "Cropland",
    "Human-use",
    "Water/Wetland"
  ]
}