{
  "model": "unet",
  "split": "val",
  "patches": 1379,
  "pixels": 319495359,
  "accuracy": 0.8113225957689106,
  "macro_f1": 0.6936895670200777,
  "per_class_iou": [
    0.3442257141037945,
    0.392836349551969,
    0.7578449822718598,
    0.47899825526588885,
    0.7892856135799986
  ],
  "miou": 0.5526381829547022,
  "confusion_matrix": [
    [
      11780196,
      3635875,
      5449746,
      154879,
      6713470
    ],
    [
      3308865,
      8933427,
      2821408,
      128128,
      1169302
    ],
    [
      1038930,
      1976639,
      129406308,
      1590402,
      3485798
    ],
    [
      28948,
      222252,
      15302682,
      16862759,
      725681
    ],
    [
      2111392,
      544940,
      9683731,
      188487,
      92231114
    ]
  ],
  "class_names": [
    "Forest",
    "Plantation",
    "Cropland",
    "Human-use",
    "Water/Wetland"
  ]
}