{
  "model": "unet",
  "split": "val",
  "patches": 1379,
  "pixels": 319495359,
  "accuracy": 0.9019469387660182,
  "macro_f1": 0.8279579825579884,
  "per_class_iou": [
    0.5838484285254005,
    0.44187959158382334,
    0.873242341181569,
    0.8272254121361136,
    0.9081030910879633
  ],
  "miou": 0.726859772902974,
  "confusion_matrix": [
    [
      21696162,
      2649250,
      2475052,
      126483,
      787219
    ],
    [
      5613214,
      9809122,
      729211,
      122025,
      87558
    ],
    [
      2043866,
      2462387,
      126283653,
      3211599,
      3496572
    ],
    [
      154942,
      197382,
      1427522,
      30429232,
      933244
    ],
    [
      1614419,
      528482,
      2484808,
      182263,
      99949692
    ]
  ],
  "class_names": [
    "Forest",
    "Plantation",
    "Cropland",
    "Human-use",
    "Water/Wetland"
  ]
}